"","telomere","dnamage_horvath","dnamage_hannum","dnamage_pheno","dnamage_grim","physio_age","cognition","fai"
"telomere",0.00416865414327531,0.00296139288735242,0.00432142544213215,0.00274214229271631,0.00682171711914455,0.00249655610485337,0.002646707408679,0.00166265593953862
"dnamage_horvath",0.00296139288735242,0.00815467970526103,0.00525779101016479,0.00307072046110204,0.00698614757270414,0.00356448575054013,0.0045088859417139,0.00273902664567122
"dnamage_hannum",0.00432142544213215,0.00525779101016476,0.015758437909835,0.00419453609134392,0.0133976451104763,0.00448631251113898,0.0058487506907331,0.00422353432657953
"dnamage_pheno",0.00274214229271631,0.00307072046110205,0.00419453609134392,0.00453224259006823,0.00609572694469452,0.00322277060589683,0.00397574917524444,0.00235509855886502
"dnamage_grim",0.00682171711914455,0.00698614757270415,0.0133976451104764,0.00609572694469451,0.0227081350143685,0.00785809141919123,0.00990837749732605,0.00554032220333236
"physio_age",0.00249655610485337,0.00356448575054013,0.00448631251113898,0.00322277060589683,0.00785809141919123,0.0051671194877325,0.00371652996828751,0.001607973241233
"cognition",0.002646707408679,0.0045088859417139,0.0058487506907331,0.00397574917524444,0.00990837749732605,0.00371652996828751,0.00456808834518702,0.00205102644192403
"fai",0.00166265593953862,0.00273902664567122,0.00422353432657953,0.00235509855886502,0.00554032220333236,0.001607973241233,0.00205102644192402,0.00145479873175087
