"","age","sex"
"age",110.197181305009,-0.086541512096165
"sex",-0.086541512096165,0.245863128689629
