"","MMSE","BVRT","IST","CESD"
"MMSE",1,0.433508940528493,0.484482537508814,-0.157916765682717
"BVRT",0.433508940528493,1,0.442939552497614,-0.127527106983412
"IST",0.484482537508814,0.442939552497614,1,-0.179319928613983
"CESD",-0.157916765682717,-0.127527106983412,-0.179319928613983,1
