"","age","male","CEP"
"age",41.8838285550367,-0.343618638377443,-0.409041502836192
"male",-0.343618638377443,0.244713426853707,0.0350300601202405
"CEP",-0.409041502836192,0.0350300601202405,0.206312625250501
