"","MMSE","BVRT","IST","CESD"
"MMSE",-0.182127983132055,0.0611021388767028,0.0491465662626358,-0.0177548647935986
"BVRT",0.0611021388767028,-0.189599695843345,0.0542150034861733,-0.0171213770297407
"IST",0.0491465662626358,0.0542150034861733,-0.168619641487486,-0.0206079991082679
"CESD",-0.0177548647935986,-0.0171213770297407,-0.0206079991082679,-0.179603764194313
