"","MMSE","BVRT","IST","CESD"
"MMSE",0.272513688397225,0.077277124918614,0.066157242119892,-0.0208491266549384
"BVRT",0.077277124918614,0.212833993060204,0.0485550885614758,-0.0191723542152604
"IST",0.066157242119892,0.0485550885614758,0.198315942394994,-0.0277774065798911
"CESD",-0.0208491266549384,-0.0191723542152604,-0.0277774065798911,0.223029838815362
