"","age","sex"
"age",15.7709325902559,-0.0158942034596034
"sex",-0.0158942034596034,0.250403799200451
