"","age","sex"
"age",22.0715592965704,0.0280259441850093
"sex",0.0280259441850093,0.250409151998613
