"","(Intercept)","pre_urea","total_co2","phosphate","pre_creatinine","albumin","calcium"
"r2_015",0.030798928529346,0.00130287138189738,0,0,0,0,0
"r2_021",0.0910758475937605,0.0013496085996331,0.00322763397677431,0,0,0,0
"r2_026",0.0951479349743514,0.00138166551528115,0.00319803089921116,0.0171833759672333,0,0,0
"r2_027",0.0988312878653363,0.00154063890733807,0.0033043389284847,0.0179479488819488,4.03955893367026e-05,0,0
"r2_028",0.118352984684771,0.00154081669653201,0.00329520789799134,0.0178790139502871,4.08349524459811e-05,0.00212743641886189,0
"r2_029",0.146048426860275,0.00154110759590683,0.0033190364958126,0.0179111025096077,4.08887015472193e-05,0.00216981109577404,0.0486856036934535
