"","(Intercept)","pre_urea","phosphate","pre_creatinine","calcium","total_co2","albumin"
"r2_007",-0.964742815913644,0.0369316034565963,0,0,0,0,0
"r2_012",-1.38375645851993,0.0266047433863634,0.371349859993281,0,0,0,0
"r2_015",-1.14338590248099,0.0386688183139796,0.417221978901776,-0.000781608128079489,0,0,0
"r2_017",0.618399155420401,0.0386722848981937,0.386922516701521,-0.000720168030484,-0.775847459139794,0,0
"r2_018",-0.387306404849002,0.0435374255704601,0.426198614917221,-0.000738258573471658,-0.848024698023931,0.0424704856375968,0
"r2_019",-0.84146145293582,0.042965418535002,0.435028757462206,-0.00081081362235557,-0.949735084300101,0.0434303731435624,0.0207339037854652
