"","sex","baseline_age","t_dialysis","DM"
"sex",0.23257,-0.40908,-0.00215,0.00127
"baseline_age",-0.40908,206.13397,0.00989,0.2904
"t_dialysis",-0.00215,0.00989,0.02694,0.00492
"DM",0.00127,0.2904,0.00492,0.24067
